time_period,rainfall,mean_temperature,location,sample_0
2023-07,20,20,loc1,319.69696969696975
2023-08,30,20,loc1,440.90909090909093
2023-09,30,30,loc1,440.90909090909093
